{
  "totalRegionalMFD": {
    "name": "Gutenberg Richter Dist",
    "info": "minMag=5.05; maxMag=9.65; numMag=47; bValue=1.033; magLower=5.05; magUpper=9.65; totMoRate=3.2014112E20; totCumRate=0.2358481",
    "size": 47,
    "minX": 5.05,
    "maxX": 9.65,
    "tolerance": 1.0000000000000001E-7,
    "values": [
      [
        5.05,
        1.0E-20
      ],
      [
        5.1499999999999995,
        1.0E-20
      ],
      [
        5.25,
        1.0E-20
      ],
      [
        5.35,
        1.0E-20
      ],
      [
        5.45,
        1.0E-20
      ],
      [
        5.55,
        1.0E-20
      ],
      [
        5.65,
        1.0E-20
      ],
      [
        5.75,
        1.0E-20
      ],
      [
        5.85,
        1.0E-20
      ],
      [
        5.95,
        1.0E-20
      ],
      [
        6.05,
        1.0E-20
      ],
      [
        6.15,
        1.0E-20
      ],
      [
        6.25,
        1.0E-20
      ],
      [
        6.35,
        1.0E-20
      ],
      [
        6.45,
        1.0E-20
      ],
      [
        6.55,
        1.0E-20
      ],
      [
        6.65,
        1.0E-20
      ],
      [
        6.75,
        1.0E-20
      ],
      [
        6.85,
        1.0E-20
      ],
      [
        6.95,
        1.0E-20
      ],
      [
        7.05,
        0.05000668448409903
      ],
      [
        7.15,
        0.039421038507703995
      ],
      [
        7.25,
        0.031076210971755648
      ],
      [
        7.35,
        0.02449785507736776
      ],
      [
        7.45,
        0.01931203594727714
      ],
      [
        7.55,
        0.015223974966423776
      ],
      [
        7.65,
        0.012001293618707002
      ],
      [
        7.75,
        0.00946080434578197
      ],
      [
        7.85,
        0.0074580975778851056
      ],
      [
        7.95,
        0.005879333030077416
      ],
      [
        8.05,
        0.004634768654818431
      ],
      [
        8.15,
        0.003653659415752586
      ],
      [
        8.25,
        0.002880235912625166
      ],
      [
        8.35,
        0.0022705342694529685
      ],
      [
        8.45,
        0.001789897086611057
      ],
      [
        8.55,
        0.0014110034029262142
      ],
      [
        8.65,
        0.0011123156844949935
      ],
      [
        8.75,
        8.768555620827695E-4
      ],
      [
        8.85,
        6.912387260857213E-4
      ],
      [
        8.95,
        5.449141193855032E-4
      ],
      [
        9.05,
        4.295641813749516E-4
      ],
      [
        9.15,
        3.386320510990256E-4
      ],
      [
        9.25,
        2.6694885421892447E-4
      ],
      [
        9.35,
        2.104398875933857E-4
      ],
      [
        9.45,
        1.6589300006509332E-4
      ],
      [
        9.55,
        1.3077600347217655E-4
      ],
      [
        9.65,
        1.0309273494025761E-4
      ]
    ]
  },
  "onFaultSupraSeisMFD": {
    "name": "targetOnFaultSupraSeisMFD",
    "info": "Sum of these Incremental Mag-Freq Dists",
    "size": 47,
    "minX": 5.05,
    "maxX": 9.65,
    "tolerance": 1.0000000000000001E-7,
    "values": [
      [
        5.05,
        1.0E-20
      ],
      [
        5.1499999999999995,
        1.0E-20
      ],
      [
        5.25,
        1.0E-20
      ],
      [
        5.35,
        1.0E-20
      ],
      [
        5.45,
        1.0E-20
      ],
      [
        5.55,
        1.0E-20
      ],
      [
        5.65,
        1.0E-20
      ],
      [
        5.75,
        1.0E-20
      ],
      [
        5.85,
        1.0E-20
      ],
      [
        5.95,
        1.0E-20
      ],
      [
        6.05,
        1.0E-20
      ],
      [
        6.15,
        1.0E-20
      ],
      [
        6.25,
        1.0E-20
      ],
      [
        6.35,
        1.0E-20
      ],
      [
        6.45,
        1.0E-20
      ],
      [
        6.55,
        1.0E-20
      ],
      [
        6.65,
        1.0E-20
      ],
      [
        6.75,
        1.0E-20
      ],
      [
        6.85,
        1.0E-20
      ],
      [
        6.95,
        1.0E-20
      ],
      [
        7.05,
        0.05000668448409903
      ],
      [
        7.15,
        0.039421038507703995
      ],
      [
        7.25,
        0.031076210971755648
      ],
      [
        7.35,
        0.02449785507736776
      ],
      [
        7.45,
        0.01931203594727714
      ],
      [
        7.55,
        0.015223974966423776
      ],
      [
        7.65,
        0.012001293618707002
      ],
      [
        7.75,
        0.00946080434578197
      ],
      [
        7.85,
        0.0074580975778851056
      ],
      [
        7.95,
        0.005879333030077416
      ],
      [
        8.05,
        0.004634768654818431
      ],
      [
        8.15,
        0.003653659415752586
      ],
      [
        8.25,
        0.002880235912625166
      ],
      [
        8.35,
        0.0022705342694529685
      ],
      [
        8.45,
        0.001789897086611057
      ],
      [
        8.55,
        0.0014110034029262142
      ],
      [
        8.65,
        0.0011123156844949935
      ],
      [
        8.75,
        8.768555620827695E-4
      ],
      [
        8.85,
        6.912387260857213E-4
      ],
      [
        8.95,
        5.449141193855032E-4
      ],
      [
        9.05,
        4.295641813749516E-4
      ],
      [
        9.15,
        3.386320510990256E-4
      ],
      [
        9.25,
        2.6694885421892447E-4
      ],
      [
        9.35,
        2.104398875933857E-4
      ],
      [
        9.45,
        1.6589300006509332E-4
      ],
      [
        9.55,
        1.3077600347217655E-4
      ],
      [
        9.65,
        1.0309273494025761E-4
      ]
    ]
  },
  "mfdConstraints": [
    {
      "mfd": {
        "name": "targetOnFaultSupraSeisMFD",
        "info": "Sum of these Incremental Mag-Freq Dists",
        "size": 47,
        "minX": 5.05,
        "maxX": 9.65,
        "tolerance": 1.0000000000000001E-7,