{
  "totalRegionalMFD": {
    "name": "Gutenberg Richter Dist",
    "info": "minMag=5.05; maxMag=9.65; numMag=47; bValue=1.033; magLower=5.05; magUpper=9.25; totMoRate=2.017402E20; totCumRate=0.23524311",
    "size": 47,
    "minX": 5.05,
    "maxX": 9.65,
    "tolerance": 1.0000000000000001E-7,
    "values": [
      [
        5.05,
        1.0E-20
      ],
      [
        5.1499999999999995,
        1.0E-20
      ],
      [
        5.25,
        1.0E-20
      ],
      [
        5.35,
        1.0E-20
      ],
      [
        5.45,
        1.0E-20
      ],
      [
        5.55,
        1.0E-20
      ],
      [
        5.65,
        1.0E-20
      ],
      [
        5.75,
        1.0E-20
      ],
      [
        5.85,
        1.0E-20
      ],
      [
        5.95,
        1.0E-20
      ],
      [
        6.05,
        1.0E-20
      ],
      [
        6.15,
        1.0E-20
      ],
      [
        6.25,
        1.0E-20
      ],
      [
        6.35,
        1.0E-20
      ],
      [
        6.45,
        1.0E-20
      ],
      [
        6.55,
        1.0E-20
      ],
      [
        6.65,
        1.0E-20
      ],
      [
        6.75,
        1.0E-20
      ],
      [
        6.85,
        1.0E-20
      ],
      [
        6.95,
        1.0E-20
      ],
      [
        7.05,
        0.05000779411454574
      ],
      [
        7.15,
        0.039421913246451834
      ],
      [
        7.25,
        0.03107690054176451
      ],
      [
        7.35,
        0.024498398676011692
      ],
      [
        7.45,
        0.01931246447444898
      ],
      [
        7.55,
        0.01522431278098431
      ],
      [
        7.65,
        0.012001559923120835
      ],
      [
        7.75,
        0.009461014277647296
      ],
      [
        7.85,
        0.007458263070403403
      ],
      [
        7.95,
        0.005879463490374951
      ],
      [
        8.05,
        0.004634871498677525
      ],
      [
        8.15,
        0.0036537404891485025
      ],
      [
        8.25,
        0.0028802998240301182
      ],
      [
        8.35,
        0.0022705846517964826
      ],
      [
        8.45,
        0.0017899368037873561
      ],
      [
        8.55,
        0.0014110347125871616
      ],
      [
        8.65,
        0.0011123403663822775
      ],
      [
        8.75,
        8.768750191941356E-4
      ],
      [
        8.85,
        6.912540644258717E-4
      ],
      [
        8.95,
        5.449262108349554E-4
      ],
      [
        9.05,
        4.295737132505276E-4
      ],
      [
        9.15,
        3.3863956522314743E-4
      ],
      [
        9.25,
        2.669547777185408E-4
      ],
      [
        9.35,
        0.0
      ],
      [
        9.45,
        0.0
      ],
      [
        9.55,
        0.0
      ],
      [
        9.65,
        0.0
      ]
    ]
  },
  "onFaultSupraSeisMFD": {
    "name": "targetOnFaultSupraSeisMFD",
    "info": "Sum of these Incremental Mag-Freq Dists",
    "size": 47,
    "minX": 5.05,
    "maxX": 9.65,
    "tolerance": 1.0000000000000001E-7,
    "values": [
      [
        5.05,
        1.0E-20
      ],
      [
        5.1499999999999995,
        1.0E-20
      ],
      [
        5.25,
        1.0E-20
      ],
      [
        5.35,
        1.0E-20
      ],
      [
        5.45,
        1.0E-20
      ],
      [
        5.55,
        1.0E-20
      ],
      [
        5.65,
        1.0E-20
      ],
      [
        5.75,
        1.0E-20
      ],
      [
        5.85,
        1.0E-20
      ],
      [
        5.95,
        1.0E-20
      ],
      [
        6.05,
        1.0E-20
      ],
      [
        6.15,
        1.0E-20
      ],
      [
        6.25,
        1.0E-20
      ],
      [
        6.35,
        1.0E-20
      ],
      [
        6.45,
        1.0E-20
      ],
      [
        6.55,
        1.0E-20
      ],
      [
        6.65,
        1.0E-20
      ],
      [
        6.75,
        1.0E-20
      ],
      [
        6.85,
        1.0E-20
      ],
      [
        6.95,
        1.0E-20
      ],
      [
        7.05,
        0.05000779411454574
      ],
      [
        7.15,
        0.039421913246451834
      ],
      [
        7.25,
        0.03107690054176451
      ],
      [
        7.35,
        0.024498398676011692
      ],
      [
        7.45,
        0.01931246447444898
      ],
      [
        7.55,
        0.01522431278098431
      ],
      [
        7.65,
        0.012001559923120835
      ],
      [
        7.75,
        0.009461014277647296
      ],
      [
        7.85,
        0.007458263070403403
      ],
      [
        7.95,
        0.005879463490374951
      ],
      [
        8.05,
        0.004634871498677525
      ],
      [
        8.15,
        0.0036537404891485025
      ],
      [
        8.25,
        0.0028802998240301182
      ],
      [
        8.35,
        0.0022705846517964826
      ],
      [
        8.45,
        0.0017899368037873561
      ],
      [
        8.55,
        0.0014110347125871616
      ],
      [
        8.65,
        0.0011123403663822775
      ],
      [
        8.75,
        8.768750191941356E-4
      ],
      [
        8.85,
        6.912540644258717E-4
      ],
      [
        8.95,
        5.449262108349554E-4
      ],
      [
        9.05,
        4.295737132505276E-4
      ],
      [
        9.15,
        3.3863956522314743E-4
      ],
      [
        9.25,
        2.669547777185408E-4
      ],
      [
        9.35,
        0.0
      ],
      [
        9.45,
        0.0
      ],
      [
        9.55,
        0.0
      ],
      [
        9.65,
        0.0
      ]
    ]
  },
  "mfdConstraints": [
    {
      "mfd": {
        "name": "targetOnFaultSupraSeisMFD",
        "info": "Sum of these Incremental Mag-Freq Dists",
        "size": 47,
        "minX": 5.05,
        "maxX": 9.65,
        "tolerance": 1.0000000000000001E-7,