{
  "totalRegionalMFD": {
    "name": "Gutenberg Richter Dist",
    "info": "minMag=5.05; maxMag=9.65; numMag=47; bValue=1.033; magLower=5.05; magUpper=9.45; totMoRate=2.545989E20; totCumRate=0.23561624",
    "size": 47,
    "minX": 5.05,
    "maxX": 9.65,
    "tolerance": 1.0000000000000001E-7,
    "values": [
      [
        5.05,
        1.0E-20
      ],
      [
        5.1499999999999995,
        1.0E-20
      ],
      [
        5.25,
        1.0E-20
      ],
      [
        5.35,
        1.0E-20
      ],
      [
        5.45,
        1.0E-20
      ],
      [
        5.55,
        1.0E-20
      ],
      [
        5.65,
        1.0E-20
      ],
      [
        5.75,
        1.0E-20
      ],
      [
        5.85,
        1.0E-20
      ],
      [
        5.95,
        1.0E-20
      ],
      [
        6.05,
        1.0E-20
      ],
      [
        6.15,
        1.0E-20
      ],
      [
        6.25,
        1.0E-20
      ],
      [
        6.35,
        1.0E-20
      ],
      [
        6.45,
        1.0E-20
      ],
      [
        6.55,
        1.0E-20
      ],
      [
        6.65,
        1.0E-20
      ],
      [
        6.75,
        1.0E-20
      ],
      [
        6.85,
        1.0E-20
      ],
      [
        6.95,
        1.0E-20
      ],
      [
        7.05,
        0.05000710976045071
      ],
      [
        7.15,
        0.039421373759593
      ],
      [
        7.25,
        0.0310764752559761
      ],
      [
        7.35,
        0.02449806341668357
      ],
      [
        7.45,
        0.01931220018436416
      ],
      [
        7.55,
        0.015224104437045527
      ],
      [
        7.65,
        0.012001395682389454
      ],
      [
        7.75,
        0.009460884804152641
      ],
      [
        7.85,
        0.007458161004456196
      ],
      [
        7.95,
        0.00587938303021894
      ],
      [
        8.05,
        0.004634808070699023
      ],
      [
        8.15,
        0.0036536904878974935
      ],
      [
        8.25,
        0.0028802604072749025
      ],
      [
        8.35,
        0.002270553578962096
      ],
      [
        8.45,
        0.0017899123085940926
      ],
      [
        8.55,
        0.0014110154026495633
      ],
      [
        8.65,
        0.0011123251440614715
      ],
      [
        8.75,
        8.768630192045172E-4
      ],
      [
        8.85,
        6.912446046494895E-4
      ],
      [
        8.95,
        5.44918753547737E-4
      ],
      [
        9.05,
        4.295678345563163E-4
      ],
      [
        9.15,
        3.386349309580833E-4
      ],
      [
        9.25,
        2.6695112445611336E-4
      ],
      [
        9.35,
        2.1044167725627912E-4
      ],
      [
        9.45,
        1.6589441088387814E-4
      ],
      [
        9.55,
        0.0
      ],
      [
        9.65,
        0.0
      ]
    ]
  },
  "onFaultSupraSeisMFD": {
    "name": "targetOnFaultSupraSeisMFD",
    "info": "Sum of these Incremental Mag-Freq Dists",
    "size": 47,
    "minX": 5.05,
    "maxX": 9.65,
    "tolerance": 1.0000000000000001E-7,
    "values": [
      [
        5.05,
        1.0E-20
      ],
      [
        5.1499999999999995,
        1.0E-20
      ],
      [
        5.25,
        1.0E-20
      ],
      [
        5.35,
        1.0E-20
      ],
      [
        5.45,
        1.0E-20
      ],
      [
        5.55,
        1.0E-20
      ],
      [
        5.65,
        1.0E-20
      ],
      [
        5.75,
        1.0E-20
      ],
      [
        5.85,
        1.0E-20
      ],
      [
        5.95,
        1.0E-20
      ],
      [
        6.05,
        1.0E-20
      ],
      [
        6.15,
        1.0E-20
      ],
      [
        6.25,
        1.0E-20
      ],
      [
        6.35,
        1.0E-20
      ],
      [
        6.45,
        1.0E-20
      ],
      [
        6.55,
        1.0E-20
      ],
      [
        6.65,
        1.0E-20
      ],
      [
        6.75,
        1.0E-20
      ],
      [
        6.85,
        1.0E-20
      ],
      [
        6.95,
        1.0E-20
      ],
      [
        7.05,
        0.05000710976045071
      ],
      [
        7.15,
        0.039421373759593
      ],
      [
        7.25,
        0.0310764752559761
      ],
      [
        7.35,
        0.02449806341668357
      ],
      [
        7.45,
        0.01931220018436416
      ],
      [
        7.55,
        0.015224104437045527
      ],
      [
        7.65,
        0.012001395682389454
      ],
      [
        7.75,
        0.009460884804152641
      ],
      [
        7.85,
        0.007458161004456196
      ],
      [
        7.95,
        0.00587938303021894
      ],
      [
        8.05,
        0.004634808070699023
      ],
      [
        8.15,
        0.0036536904878974935
      ],
      [
        8.25,
        0.0028802604072749025
      ],
      [
        8.35,
        0.002270553578962096
      ],
      [
        8.45,
        0.0017899123085940926
      ],
      [
        8.55,
        0.0014110154026495633
      ],
      [
        8.65,
        0.0011123251440614715
      ],
      [
        8.75,
        8.768630192045172E-4
      ],
      [
        8.85,
        6.912446046494895E-4
      ],
      [
        8.95,
        5.44918753547737E-4
      ],
      [
        9.05,
        4.295678345563163E-4
      ],
      [
        9.15,
        3.386349309580833E-4
      ],
      [
        9.25,
        2.6695112445611336E-4
      ],
      [
        9.35,
        2.1044167725627912E-4
      ],
      [
        9.45,
        1.6589441088387814E-4
      ],
      [
        9.55,
        0.0
      ],
      [
        9.65,
        0.0
      ]
    ]
  },
  "mfdConstraints": [
    {
      "mfd": {
        "name": "targetOnFaultSupraSeisMFD",
        "info": "Sum of these Incremental Mag-Freq Dists",
        "size": 47,
        "minX": 5.05,
        "maxX": 9.65,
        "tolerance": 1.0000000000000001E-7,